"RK","PLAYER NAME",TEAM,"POS","SOS SEASON","SOS PLAYOFFS","ECR VS. ADP"
"1","Saquon Barkley",PHI,"RB1","5 out of 5 stars","4 out of 5 stars","+9"
"2","Derrick Henry",BAL,"RB2","2 out of 5 stars","2 out of 5 stars","+16"
"3","Bijan Robinson",ATL,"RB3","3 out of 5 stars","5 out of 5 stars","+2"
"4","Kyren Williams",LAR,"RB4","5 out of 5 stars","3 out of 5 stars","+13"
"5","Joe Mixon",HOU,"RB5","3 out of 5 stars","3 out of 5 stars","+39"
"6","Jahmyr Gibbs",DET,"RB6","3 out of 5 stars","5 out of 5 stars","+6"
"7","Ja'Marr Chase",CIN,"WR1","3 out of 5 stars","3 out of 5 stars","0"
"8","Justin Jefferson",MIN,"WR2","3 out of 5 stars","2 out of 5 stars","-4"
"9","Kenneth Walker III",SEA,"RB7","2 out of 5 stars","2 out of 5 stars","+34"
"10","De'Von Achane",MIA,"RB8","3 out of 5 stars","3 out of 5 stars","+10"
"11","Nico Collins",HOU,"WR3","3 out of 5 stars","3 out of 5 stars","+16"
"12","A.J. Brown",PHI,"WR4","3 out of 5 stars","3 out of 5 stars","-3"
"13","Breece Hall",NYJ,"RB9","4 out of 5 stars","3 out of 5 stars","-7"
"14","Amon-Ra St. Brown",DET,"WR5","3 out of 5 stars","3 out of 5 stars","-6"
"15","Tyreek Hill",MIA,"WR6","3 out of 5 stars","3 out of 5 stars","-13"
"16","Jonathan Taylor",IND,"RB10","3 out of 5 stars","2 out of 5 stars","-5"
"17","Josh Jacobs",GB,"RB11","4 out of 5 stars","4 out of 5 stars","+2"
"18","CeeDee Lamb",DAL,"WR7","2 out of 5 stars","2 out of 5 stars","-15"
"19","Malik Nabers",NYG,"WR8","4 out of 5 stars","4 out of 5 stars","+27"
"20","James Cook",BUF,"RB12","2 out of 5 stars","3 out of 5 stars","+12"
"21","Drake London",ATL,"WR9","4 out of 5 stars","4 out of 5 stars","0"
"22","Puka Nacua",LAR,"WR10","3 out of 5 stars","3 out of 5 stars","-8"
"23","David Montgomery",DET,"RB13","3 out of 5 stars","5 out of 5 stars","+42"
"24","Aaron Jones",MIN,"RB14","3 out of 5 stars","4 out of 5 stars","+29"
"25","Lamar Jackson",BAL,"QB1","3 out of 5 stars","3 out of 5 stars","+13"
"26","Alvin Kamara",NO,"RB15","4 out of 5 stars","5 out of 5 stars","+19"
"27","DK Metcalf",SEA,"WR11","3 out of 5 stars","2 out of 5 stars","+15"
"28","Deebo Samuel Sr.",SF,"WR12","2 out of 5 stars","2 out of 5 stars","-2"
"29","James Conner",ARI,"RB16","4 out of 5 stars","5 out of 5 stars","+27"
"30","Terry McLaurin",WAS,"WR13","2 out of 5 stars","3 out of 5 stars","+33"
"31","Christian McCaffrey",SF,"RB17","4 out of 5 stars","4 out of 5 stars","-30"
"32","Brock Bowers",LV,"TE1","3 out of 5 stars","4 out of 5 stars","+58"
"33","George Kittle",SF,"TE2","3 out of 5 stars","2 out of 5 stars","+29"
"34","Tyrone Tracy Jr.",NYG,"RB18","4 out of 5 stars","2 out of 5 stars","+142"
"35","Brian Robinson Jr.",WAS,"RB19","4 out of 5 stars","4 out of 5 stars","+56"
"36","Travis Kelce",KC,"TE3","3 out of 5 stars","3 out of 5 stars","-8"
"37","Jayden Reed",GB,"WR14","2 out of 5 stars","3 out of 5 stars","+44"
"38","Garrett Wilson",NYJ,"WR15","4 out of 5 stars","3 out of 5 stars","-25"
"39","Brian Thomas Jr.",JAC,"WR16","2 out of 5 stars","2 out of 5 stars","+73"
"40","Tony Pollard",TEN,"RB20","1 out of 5 stars","3 out of 5 stars","+39"
"41","Trey McBride",ARI,"TE4","5 out of 5 stars","4 out of 5 stars","+7"
"42","D'Andre Swift",CHI,"RB21","3 out of 5 stars","2 out of 5 stars","+13"
"43","J.K. Dobbins",LAC,"RB22","2 out of 5 stars","3 out of 5 stars","+77"
"44","Cooper Kupp",LAR,"WR17","3 out of 5 stars","3 out of 5 stars","-8"
"45","Chase Brown",CIN,"RB23","2 out of 5 stars","3 out of 5 stars","+60"
"46","DeVonta Smith",PHI,"WR18","3 out of 5 stars","3 out of 5 stars","+1"
"47","Josh Allen",BUF,"QB2","3 out of 5 stars","2 out of 5 stars","-24"
"48","Tee Higgins",CIN,"WR19","3 out of 5 stars","3 out of 5 stars","+11"
"49","George Pickens",PIT,"WR20","3 out of 5 stars","3 out of 5 stars","+8"
"50","Zay Flowers",BAL,"WR21","3 out of 5 stars","3 out of 5 stars","+10"
"51","Najee Harris",PIT,"RB24","3 out of 5 stars","2 out of 5 stars","+18"
"52","Jalen Hurts",PHI,"QB3","5 out of 5 stars","4 out of 5 stars","-23"
"53","Marvin Harrison Jr.",ARI,"WR22","3 out of 5 stars","3 out of 5 stars","-38"
"54","Jayden Daniels",WAS,"QB4","2 out of 5 stars","2 out of 5 stars","+48"
"55","Cade Otton",TB,"TE5","4 out of 5 stars","4 out of 5 stars","+139"
"56","Rhamondre Stevenson",NE,"RB25","3 out of 5 stars","2 out of 5 stars","+2"
"57","Tank Dell",HOU,"WR23","3 out of 5 stars","3 out of 5 stars","+4"
"58","David Njoku",CLE,"TE6","3 out of 5 stars","2 out of 5 stars","+30"
"59","Kareem Hunt",KC,"RB26","3 out of 5 stars","2 out of 5 stars","+200"
"60","Darnell Mooney",ATL,"WR24","4 out of 5 stars","4 out of 5 stars","+109"
"61","Nick Chubb",CLE,"RB27","3 out of 5 stars","3 out of 5 stars","+33"
"62","Tank Bigsby",JAC,"RB28","2 out of 5 stars","3 out of 5 stars","+135"
"63","DeAndre Hopkins",KC,"WR25","4 out of 5 stars","3 out of 5 stars","+37"
"64","Davante Adams",NYJ,"WR26","4 out of 5 stars","3 out of 5 stars","-42"
"65","Mike Evans",TB,"WR27","4 out of 5 stars","3 out of 5 stars","-28"
"66","Bucky Irving",TB,"RB29","5 out of 5 stars","4 out of 5 stars","+98"
"67","Jordan Mason",SF,"RB30","4 out of 5 stars","4 out of 5 stars","+121"
"68","Jameson Williams",DET,"WR28","3 out of 5 stars","3 out of 5 stars","+41"
"69","Joe Burrow",CIN,"QB5","3 out of 5 stars","2 out of 5 stars","+2"
"70","Chuba Hubbard",CAR,"RB31","2 out of 5 stars","3 out of 5 stars","+48"
"71","Rico Dowdle",DAL,"RB32","4 out of 5 stars","4 out of 5 stars","+57"
"72","Jordan Love",GB,"QB6","1 out of 5 stars","2 out of 5 stars","+2"
"73","Rachaad White",TB,"RB33","5 out of 5 stars","4 out of 5 stars","-40"
"74","DJ Moore",CHI,"WR29","2 out of 5 stars","2 out of 5 stars","-34"
"75","Josh Downs",IND,"WR30","3 out of 5 stars","3 out of 5 stars","+99"
"76","Amari Cooper",BUF,"WR31","3 out of 5 stars","2 out of 5 stars","-22"
"77","Javonte Williams",DEN,"RB34","2 out of 5 stars","1 out of 5 stars","0"
"78","Khalil Shakir",BUF,"WR32","3 out of 5 stars","2 out of 5 stars","+45"
"79","Kyler Murray",ARI,"QB7","4 out of 5 stars","5 out of 5 stars","-13"
"80","Brock Purdy",SF,"QB8","2 out of 5 stars","3 out of 5 stars","+17"
"81","Jaxon Smith-Njigba",SEA,"WR33","3 out of 5 stars","2 out of 5 stars","+14"
"82","Chris Olave",NO,"WR34","3 out of 5 stars","3 out of 5 stars","-57"
"83","Travis Etienne Jr.",JAC,"RB35","2 out of 5 stars","3 out of 5 stars","-67"
"84","Jaylen Waddle",MIA,"WR35","3 out of 5 stars","3 out of 5 stars","-45"
"85","Alexander Mattison",LV,"RB36","3 out of 5 stars","4 out of 5 stars","+119"
"86","Ladd McConkey",LAC,"WR36","3 out of 5 stars","4 out of 5 stars","+13"
"87","Jonathon Brooks",CAR,"RB37","2 out of 5 stars","3 out of 5 stars","+5"
"88","Evan Engram",JAC,"TE7","3 out of 5 stars","3 out of 5 stars","-16"
"89","Jaylen Warren",PIT,"RB38","3 out of 5 stars","2 out of 5 stars","-2"
"90","Isiah Pacheco",KC,"RB39","3 out of 5 stars","2 out of 5 stars","-66"
"91","Tucker Kraft",GB,"TE8","3 out of 5 stars","4 out of 5 stars","+215"
"92","Jakobi Meyers",LV,"WR37","4 out of 5 stars","4 out of 5 stars","+45"
"93","Tyler Allgeier",ATL,"RB40","3 out of 5 stars","5 out of 5 stars","+48"
"94","Cedric Tillman",CLE,"WR38","3 out of 5 stars","3 out of 5 stars","-"
"95","Calvin Ridley",TEN,"WR39","4 out of 5 stars","4 out of 5 stars","-15"
"96","Kyle Pitts",ATL,"TE9","3 out of 5 stars","3 out of 5 stars","-32"
"97","Xavier Worthy",KC,"WR40","4 out of 5 stars","3 out of 5 stars","-15"
"98","Kirk Cousins",ATL,"QB9","3 out of 5 stars","4 out of 5 stars","+37"
"99","Diontae Johnson",BAL,"WR41","3 out of 5 stars","3 out of 5 stars","-13"
"100","Courtland Sutton",DEN,"WR42","4 out of 5 stars","4 out of 5 stars","+10"
"101","Austin Ekeler",WAS,"RB41","4 out of 5 stars","4 out of 5 stars","-8"
"102","Jake Ferguson",DAL,"TE10","2 out of 5 stars","3 out of 5 stars","-19"
"103","Braelon Allen",NYJ,"RB42","4 out of 5 stars","3 out of 5 stars","+65"
"104","Jared Goff",DET,"QB10","3 out of 5 stars","1 out of 5 stars","+7"
"105","Raheem Mostert",MIA,"RB43","3 out of 5 stars","3 out of 5 stars","-29"
"106","Patrick Mahomes II",KC,"QB11","3 out of 5 stars","3 out of 5 stars","-75"
"107","Ray Davis",BUF,"RB44","2 out of 5 stars","3 out of 5 stars","+50"
"108","C.J. Stroud",HOU,"QB12","3 out of 5 stars","3 out of 5 stars","-57"
"109","Zach Charbonnet",SEA,"RB45","2 out of 5 stars","2 out of 5 stars","+18"
"110","Sam Darnold",MIN,"QB13","3 out of 5 stars","2 out of 5 stars","+100"
"111","Matthew Stafford",LAR,"QB14","2 out of 5 stars","2 out of 5 stars","+35"
"112","Baker Mayfield",TB,"QB15","5 out of 5 stars","5 out of 5 stars","+46"
"113","Sam LaPorta",DET,"TE11","4 out of 5 stars","3 out of 5 stars","-83"
"114","Rome Odunze",CHI,"WR43","2 out of 5 stars","2 out of 5 stars","-25"
"115","Romeo Doubs",GB,"WR44","2 out of 5 stars","3 out of 5 stars","+4"
"116","Jordan Addison",MIN,"WR45","3 out of 5 stars","2 out of 5 stars","-15"
"117","Tua Tagovailoa",MIA,"QB16","3 out of 5 stars","3 out of 5 stars","-10"
"118","Jauan Jennings",SF,"WR46","2 out of 5 stars","2 out of 5 stars","-"
"119","Keon Coleman",BUF,"WR47","3 out of 5 stars","2 out of 5 stars","-11"
"120","Christian Watson",GB,"WR48","2 out of 5 stars","3 out of 5 stars","-22"
"121","Devin Singletary",NYG,"RB46","4 out of 5 stars","2 out of 5 stars","-37"
"122","Bo Nix",DEN,"QB17","4 out of 5 stars","4 out of 5 stars","+70"
"123","Michael Pittman Jr.",IND,"WR49","3 out of 5 stars","3 out of 5 stars","-88"
"124","Jerry Jeudy",CLE,"WR50","3 out of 5 stars","3 out of 5 stars","+14"
"125","Mark Andrews",BAL,"TE12","3 out of 5 stars","4 out of 5 stars","-75"
"126","Roschon Johnson",CHI,"RB47","3 out of 5 stars","2 out of 5 stars","+90"
"127","Jaylen Wright",MIA,"RB48","3 out of 5 stars","3 out of 5 stars","+13"
"128","Kimani Vidal",LAC,"RB49","2 out of 5 stars","3 out of 5 stars","+34"
"129","Taysom Hill",NO,"TE13","3 out of 5 stars","3 out of 5 stars","+19"
"130","Xavier Legette",CAR,"WR51","3 out of 5 stars","4 out of 5 stars","+31"
"131","Tyjae Spears",TEN,"RB50","1 out of 5 stars","3 out of 5 stars","-27"
"132","Justice Hill",BAL,"RB51","2 out of 5 stars","2 out of 5 stars","+95"
"133","Dalton Kincaid",BUF,"TE14","3 out of 5 stars","3 out of 5 stars","-84"
"134","Jaleel McLaughlin",DEN,"RB52","2 out of 5 stars","1 out of 5 stars","+10"
"135","Caleb Williams",CHI,"QB18","2 out of 5 stars","2 out of 5 stars","-39"
"136","Blake Corum",LAR,"RB53","5 out of 5 stars","3 out of 5 stars","-20"
"137","Trey Benson",ARI,"RB54","4 out of 5 stars","5 out of 5 stars","-22"
"138","Keenan Allen",CHI,"WR52","2 out of 5 stars","2 out of 5 stars","-65"
"139","Aaron Rodgers",NYJ,"QB19","4 out of 5 stars","4 out of 5 stars","0"
"140","Jerome Ford",CLE,"RB55","3 out of 5 stars","3 out of 5 stars","-37"
"141","Jalen McMillan",TB,"WR53","4 out of 5 stars","3 out of 5 stars","+93"
"142","Tyler Lockett",SEA,"WR54","3 out of 5 stars","2 out of 5 stars","-8"
"143","Wan'Dale Robinson",NYG,"WR55","4 out of 5 stars","4 out of 5 stars","+74"
"144","Jameis Winston",CLE,"QB20","1 out of 5 stars","3 out of 5 stars","-"
"145","Geno Smith",SEA,"QB21","1 out of 5 stars","2 out of 5 stars","+34"
"146","Quentin Johnston",LAC,"WR56","3 out of 5 stars","4 out of 5 stars","+41"
"147","Justin Herbert",LAC,"QB22","3 out of 5 stars","3 out of 5 stars","-22"
"148","Ricky Pearsall",SF,"WR57","2 out of 5 stars","2 out of 5 stars","+73"
"149","Isaac Guerendo",SF,"RB56","4 out of 5 stars","4 out of 5 stars","+106"
"150","T.J. Hockenson",MIN,"TE15","3 out of 5 stars","4 out of 5 stars","-26"
"151","Ty Chandler",MIN,"RB57","3 out of 5 stars","4 out of 5 stars","-18"
"152","Pittsburgh Steelers",PIT,"DST1","2 out of 5 stars","1 out of 5 stars","+34"
"153","DeMario Douglas",NE,"WR58","4 out of 5 stars","5 out of 5 stars","+38"
"154","Dontayvion Wicks",GB,"WR59","2 out of 5 stars","3 out of 5 stars","-1"
"155","Rashod Bateman",BAL,"WR60","3 out of 5 stars","3 out of 5 stars","+69"
"156","Cole Kmet",CHI,"TE16","4 out of 5 stars","4 out of 5 stars","-24"
"157","Jalen Tolbert",DAL,"WR61","2 out of 5 stars","2 out of 5 stars","+97"
"158","Kansas City Chiefs",KC,"DST2","4 out of 5 stars","3 out of 5 stars","+42"
"159","Hunter Henry",NE,"TE17","2 out of 5 stars","2 out of 5 stars","+24"
"160","Elijah Moore",CLE,"WR62","3 out of 5 stars","3 out of 5 stars","+136"
"161","Detroit Lions",DET,"DST3","1 out of 5 stars","1 out of 5 stars","+88"
"162","Demarcus Robinson",LAR,"WR63","3 out of 5 stars","3 out of 5 stars","+83"
"163","Cam Akers",MIN,"RB58","3 out of 5 stars","4 out of 5 stars","+101"
"164","Antonio Gibson",NE,"RB59","3 out of 5 stars","2 out of 5 stars","-14"
"165","Brandon Aubrey",DAL,"K1","3 out of 5 stars","4 out of 5 stars","-34"
"166","Audric Estime",DEN,"RB60","2 out of 5 stars","1 out of 5 stars","+45"
"167","Mike Gesicki",CIN,"TE18","2 out of 5 stars","2 out of 5 stars","+74"
"168","Dallas Goedert",PHI,"TE19","4 out of 5 stars","4 out of 5 stars","-51"
"169","Jalen Coker",CAR,"WR64","3 out of 5 stars","4 out of 5 stars","-"
"170","Russell Wilson",PIT,"QB23","4 out of 5 stars","2 out of 5 stars","+33"
"171","San Francisco 49ers",SF,"DST4","1 out of 5 stars","2 out of 5 stars","-16"
"172","Chicago Bears",CHI,"DST5","1 out of 5 stars","1 out of 5 stars","+91"
"173","Dak Prescott",DAL,"QB24","4 out of 5 stars","4 out of 5 stars","-95"
"174","New York Jets",NYJ,"DST6","1 out of 5 stars","1 out of 5 stars","-20"
"175","Justin Tucker",BAL,"K2","1 out of 5 stars","3 out of 5 stars","-39"
"176","Khalil Herbert",CIN,"RB61","2 out of 5 stars","3 out of 5 stars","+1"
"177","Joshua Palmer",LAC,"WR65","3 out of 5 stars","4 out of 5 stars","-47"
"178","Darius Slayton",NYG,"WR66","4 out of 5 stars","4 out of 5 stars","+100"
"179","Emanuel Wilson",GB,"RB62","4 out of 5 stars","4 out of 5 stars","+147"
"180","Alec Pierce",IND,"WR67","3 out of 5 stars","3 out of 5 stars","+150"
"181","Michael Wilson",ARI,"WR68","3 out of 5 stars","3 out of 5 stars","-8"
"182","Drake Maye",NE,"QB25","3 out of 5 stars","3 out of 5 stars","+20"
"183","Cleveland Browns",CLE,"DST7","4 out of 5 stars","4 out of 5 stars","-1"
"184","Harrison Butker",KC,"K3","2 out of 5 stars","2 out of 5 stars","-41"
"185","Los Angeles Chargers",LAC,"DST8","3 out of 5 stars","4 out of 5 stars","+139"
"186","Philadelphia Eagles",PHI,"DST9","0 out of 5 stars","1 out of 5 stars","+26"
"187","Mike Williams",PIT,"WR69","3 out of 5 stars","3 out of 5 stars","-45"
"188","Zach Ertz",WAS,"TE20","3 out of 5 stars","3 out of 5 stars","+64"
"189","Daniel Jones",NYG,"QB26","5 out of 5 stars","4 out of 5 stars","+10"
"190","Zamir White",LV,"RB63","3 out of 5 stars","4 out of 5 stars","-122"
"191","Younghoe Koo",ATL,"K4","2 out of 5 stars","4 out of 5 stars","-21"
"192","Trevor Lawrence",JAC,"QB27","2 out of 5 stars","2 out of 5 stars","-70"
"193","Trey Sermon",IND,"RB64","3 out of 5 stars","2 out of 5 stars","+60"
"194","Tyler Goodson",IND,"RB65","3 out of 5 stars","2 out of 5 stars","-"
"195","Denver Broncos",DEN,"DST10","4 out of 5 stars","3 out of 5 stars","+100"
"196","Buffalo Bills",BUF,"DST11","1 out of 5 stars","2 out of 5 stars","+10"
"197","Ka'imi Fairbairn",HOU,"K5","4 out of 5 stars","4 out of 5 stars","-38"
"198","Minnesota Vikings",MIN,"DST12","3 out of 5 stars","2 out of 5 stars","+77"
"199","Houston Texans",HOU,"DST13","3 out of 5 stars","3 out of 5 stars","+20"
"200","Jake Elliott",PHI,"K6","3 out of 5 stars","2 out of 5 stars","-34"
"201","Jonnu Smith",MIA,"TE21","3 out of 5 stars","2 out of 5 stars","+17"
"202","Troy Franklin",DEN,"WR70","4 out of 5 stars","4 out of 5 stars","+3"
"203","Pat Freiermuth",PIT,"TE22","1 out of 5 stars","2 out of 5 stars","-74"
"204","Gus Edwards",LAC,"RB66","2 out of 5 stars","3 out of 5 stars","-90"
"205","Green Bay Packers",GB,"DST14","3 out of 5 stars","4 out of 5 stars","+66"
"206","JuJu Smith-Schuster",KC,"WR71","4 out of 5 stars","3 out of 5 stars","-"
"207","Evan McPherson",CIN,"K7","2 out of 5 stars","3 out of 5 stars","-29"
"208","Sterling Shepard",TB,"WR72","4 out of 5 stars","3 out of 5 stars","-"
"209","Austin Seibert",WAS,"K8","4 out of 5 stars","5 out of 5 stars","-"
"210","Ty Johnson",BUF,"RB67","2 out of 5 stars","3 out of 5 stars","-"
"211","Ray-Ray McCloud III",ATL,"WR73","4 out of 5 stars","4 out of 5 stars","-"
"212","Joe Flacco",IND,"QB28","2 out of 5 stars","3 out of 5 stars","+68"
"213","Noah Brown",WAS,"WR74","2 out of 5 stars","3 out of 5 stars","+102"
"214","Allen Lazard",NYJ,"WR75","4 out of 5 stars","3 out of 5 stars","-"
"215","D'Ernest Johnson",JAC,"RB68","2 out of 5 stars","3 out of 5 stars","-"
"216","Dameon Pierce",HOU,"RB69","3 out of 5 stars","3 out of 5 stars","-2"
"217","Gabe Davis",JAC,"WR76","2 out of 5 stars","2 out of 5 stars","-70"
"218","Ezekiel Elliott",DAL,"RB70","4 out of 5 stars","4 out of 5 stars","-105"
"219","MarShawn Lloyd",GB,"RB71","4 out of 5 stars","4 out of 5 stars","-70"
"220","Chris Boswell",PIT,"K9","2 out of 5 stars","2 out of 5 stars","-"
"221","New Orleans Saints",NO,"DST15","4 out of 5 stars","3 out of 5 stars","+8"
"222","Kendre Miller",NO,"RB72","4 out of 5 stars","5 out of 5 stars","-2"
"223","Samaje Perine",KC,"RB73","3 out of 5 stars","2 out of 5 stars","+16"
"224","Dalton Schultz",HOU,"TE23","3 out of 5 stars","2 out of 5 stars","-98"
"225","Jason Sanders",MIA,"K10","4 out of 5 stars","3 out of 5 stars","-40"
"226","Adam Thielen",CAR,"WR77","3 out of 5 stars","4 out of 5 stars","-66"
"227","Cameron Dicker",LAC,"K11","4 out of 5 stars","3 out of 5 stars","-43"
"228","D'Onta Foreman",CLE,"RB74","3 out of 5 stars","3 out of 5 stars","+40"
"229","Seattle Seahawks",SEA,"DST16","0 out of 5 stars","3 out of 5 stars","+8"
"230","Tutu Atwell",LAR,"WR78","3 out of 5 stars","3 out of 5 stars","-"
"231","Tre Tucker",LV,"WR79","4 out of 5 stars","4 out of 5 stars","+74"
"232","Derek Carr",NO,"QB29","4 out of 5 stars","4 out of 5 stars","-36"
"233","Tyler Bass",BUF,"K12","4 out of 5 stars","4 out of 5 stars","-43"
"234","Sean Tucker",TB,"RB75","5 out of 5 stars","4 out of 5 stars","-"
"235","Andrei Iosivas",CIN,"WR80","3 out of 5 stars","3 out of 5 stars","+39"
"236","Jason Myers",SEA,"K13","3 out of 5 stars","1 out of 5 stars","-28"
"237","Miles Sanders",CAR,"RB76","2 out of 5 stars","3 out of 5 stars","+35"
"238","Pierre Strong Jr.",CLE,"RB77","3 out of 5 stars","3 out of 5 stars","-"
"239","Parker Washington",JAC,"WR81","2 out of 5 stars","2 out of 5 stars","-"
"240","Baltimore Ravens",BAL,"DST17","2 out of 5 stars","3 out of 5 stars","-75"
"241","Carson Steele",KC,"RB78","3 out of 5 stars","2 out of 5 stars","+24"
"242","Matt Gay",IND,"K14","4 out of 5 stars","3 out of 5 stars","+16"
"243","Jordan Whittington",LAR,"WR82","3 out of 5 stars","3 out of 5 stars","+68"
"244","Isaiah Likely",BAL,"TE24","3 out of 5 stars","4 out of 5 stars","-64"
"245","Emari Demercado",ARI,"RB79","4 out of 5 stars","5 out of 5 stars","-"
"246","Indianapolis Colts",IND,"DST18","4 out of 5 stars","5 out of 5 stars","+21"
"247","Wil Lutz",DEN,"K15","3 out of 5 stars","2 out of 5 stars","-"
"248","Jeremy McNichols",WAS,"RB80","4 out of 5 stars","4 out of 5 stars","-"
"249","Brandin Cooks",DAL,"WR83","2 out of 5 stars","2 out of 5 stars","-97"
"250","Trey Palmer",TB,"WR84","4 out of 5 stars","3 out of 5 stars","-"
"251","Dalvin Cook",DAL,"RB81","4 out of 5 stars","4 out of 5 stars","-5"
"252","Kenneth Gainwell",PHI,"RB82","5 out of 5 stars","4 out of 5 stars","-22"
"253","Adonai Mitchell",IND,"WR85","3 out of 5 stars","3 out of 5 stars","-108"
"254","Dallas Cowboys",DAL,"DST19","3 out of 5 stars","3 out of 5 stars","-91"
"255","Jamaal Williams",NO,"RB83","4 out of 5 stars","5 out of 5 stars","-33"
"256","Noah Fant",SEA,"TE25","2 out of 5 stars","4 out of 5 stars","-33"
"257","Jake Moody",SF,"K16","3 out of 5 stars","4 out of 5 stars","-85"
"258","Cincinnati Bengals",CIN,"DST20","4 out of 5 stars","5 out of 5 stars","+2"
"259","Daniel Carlson",LV,"K17","5 out of 5 stars","5 out of 5 stars","-27"
"260","Luke McCaffrey",WAS,"WR86","2 out of 5 stars","3 out of 5 stars","-47"
"261","Calvin Austin III",PIT,"WR87","3 out of 5 stars","3 out of 5 stars","+53"
"262","Will Dissly",LAC,"TE26","2 out of 5 stars","2 out of 5 stars","-"
"263","Greg Dortch",ARI,"WR88","3 out of 5 stars","3 out of 5 stars","-32"
"264","Keaton Mitchell",BAL,"RB84","2 out of 5 stars","2 out of 5 stars","-22"
"265","Ja'Lynn Polk",NE,"WR89","4 out of 5 stars","5 out of 5 stars","-98"
"266","Tyler Conklin",NYJ,"TE27","4 out of 5 stars","4 out of 5 stars","-85"
"267","Bryce Young",CAR,"QB30","3 out of 5 stars","4 out of 5 stars","-74"
"268","Matt Prater",ARI,"K18","3 out of 5 stars","5 out of 5 stars","-"
"269","Tyler Boyd",TEN,"WR90","4 out of 5 stars","4 out of 5 stars","-22"
"270","Cordarrelle Patterson",PIT,"RB85","3 out of 5 stars","2 out of 5 stars","+32"
"271","Gardner Minshew II",LV,"QB31","3 out of 5 stars","4 out of 5 stars","-45"
"272","Anthony Richardson",IND,"QB32","2 out of 5 stars","3 out of 5 stars","-220"
"273","Mason Rudolph",TEN,"QB33","5 out of 5 stars","5 out of 5 stars","-"
"274","Will Reichard",MIN,"K19","4 out of 5 stars","2 out of 5 stars","+13"
"275","Will Shipley",PHI,"RB86","5 out of 5 stars","4 out of 5 stars","-50"
"276","Dare Ogunbowale",HOU,"RB87","3 out of 5 stars","3 out of 5 stars","-"
"277","Miami Dolphins",MIA,"DST21","3 out of 5 stars","3 out of 5 stars","-68"
"278","Theo Johnson",NYG,"TE28","5 out of 5 stars","4 out of 5 stars","-27"
"279","Blake Grupe",NO,"K20","3 out of 5 stars","3 out of 5 stars","-"
"280","Chase McLaughlin",TB,"K21","4 out of 5 stars","3 out of 5 stars","-"
"281","Will Levis",TEN,"QB34","5 out of 5 stars","5 out of 5 stars","-106"
"282","Juwan Johnson",NO,"TE29","3 out of 5 stars","3 out of 5 stars","-47"
"283","Tampa Bay Buccaneers",TB,"DST22","5 out of 5 stars","4 out of 5 stars","-47"
"284","Las Vegas Raiders",LV,"DST23","4 out of 5 stars","4 out of 5 stars","-44"
"285","Los Angeles Rams",LAR,"DST24","3 out of 5 stars","0 out of 5 stars","+49"
"286","Ja'Tavion Sanders",CAR,"TE30","2 out of 5 stars","3 out of 5 stars","-48"
"287","Justin Fields",PIT,"QB35","4 out of 5 stars","2 out of 5 stars","-89"
"288","Kayshon Boutte",NE,"WR91","4 out of 5 stars","5 out of 5 stars","-"
"289","Atlanta Falcons",ATL,"DST25","5 out of 5 stars","4 out of 5 stars","-12"
"290","Clyde Edwards-Helaire",KC,"RB88","3 out of 5 stars","2 out of 5 stars","-62"
"291","Jake Bates",DET,"K22","3 out of 5 stars","2 out of 5 stars","-6"
"292","Colby Parkinson",LAR,"TE31","2 out of 5 stars","2 out of 5 stars","-26"
"293","Bo Melton",GB,"WR92","2 out of 5 stars","3 out of 5 stars","-"
"294","Devaughn Vele",DEN,"WR93","4 out of 5 stars","4 out of 5 stars","-"
"295","Foster Moreau",NO,"TE32","3 out of 5 stars","3 out of 5 stars","-"
"296","Chris Rodriguez Jr.",WAS,"RB89","4 out of 5 stars","4 out of 5 stars","-"
"297","New York Giants",NYG,"DST26","3 out of 5 stars","1 out of 5 stars","-21"
"298","Eric Gray",NYG,"RB90","4 out of 5 stars","2 out of 5 stars","-10"
"299","Arizona Cardinals",ARI,"DST27","3 out of 5 stars","4 out of 5 stars","-"
"300","Cairo Santos",CHI,"K23","1 out of 5 stars","1 out of 5 stars","-18"
"301","Jalen Nailor",MIN,"WR94","3 out of 5 stars","2 out of 5 stars","+34"
"302","Nick Westbrook-Ikhine",TEN,"WR95","4 out of 5 stars","4 out of 5 stars","-"
"303","Cooper Rush",DAL,"QB36","4 out of 5 stars","4 out of 5 stars","-"
"304","Sione Vaki",DET,"RB91","3 out of 5 stars","5 out of 5 stars","-"
"305","Curtis Samuel",BUF,"WR96","3 out of 5 stars","2 out of 5 stars","-184"
"306","Chig Okonkwo",TEN,"TE33","3 out of 5 stars","4 out of 5 stars","-111"
"307","Tim Patrick",DET,"WR97","3 out of 5 stars","3 out of 5 stars","-"
"308","Noah Gray",KC,"TE34","3 out of 5 stars","3 out of 5 stars","-"
"309","Jahan Dotson",PHI,"WR98","3 out of 5 stars","3 out of 5 stars","-120"
"310","Jeff Wilson Jr.",MIA,"RB92","3 out of 5 stars","3 out of 5 stars","+18"
"311","Rasheen Ali",BAL,"RB93","2 out of 5 stars","2 out of 5 stars","+12"
"312","Josh Reynolds",DEN,"WR99","4 out of 5 stars","4 out of 5 stars","+20"
"313","Cedrick Wilson Jr.",NO,"WR100","3 out of 5 stars","3 out of 5 stars","-"
"314","Dylan Laube",LV,"RB94","3 out of 5 stars","4 out of 5 stars","-52"
"315","Andy Dalton",CAR,"QB37","3 out of 5 stars","4 out of 5 stars","-"
"316","Xavier Hutchinson",HOU,"WR101","3 out of 5 stars","3 out of 5 stars","-"
"317","Jermaine Burton",CIN,"WR102","3 out of 5 stars","3 out of 5 stars","-110"
"318","Brandon McManus",GB,"K24","3 out of 5 stars","2 out of 5 stars","-"
"319","John Metchie III",HOU,"WR103","3 out of 5 stars","3 out of 5 stars","-"
"320","Washington Commanders",WAS,"DST28","4 out of 5 stars","4 out of 5 stars","-70"
"321","New England Patriots",NE,"DST29","2 out of 5 stars","1 out of 5 stars","-29"
"322","Jonathan Mingo",DAL,"WR104","2 out of 5 stars","2 out of 5 stars","-5"
"323","Deuce Vaughn",DAL,"RB95","4 out of 5 stars","4 out of 5 stars","-10"
"324","Ronnie Rivers",LAR,"RB96","5 out of 5 stars","3 out of 5 stars","-"
"325","Kendall Milton",CIN,"RB97","2 out of 5 stars","3 out of 5 stars","-"
"326","K.J. Osborn",NE,"WR105","4 out of 5 stars","5 out of 5 stars","+1"
"327","Kalif Raymond",DET,"WR106","3 out of 5 stars","3 out of 5 stars","-"
"328","Ameer Abdullah",LV,"RB98","3 out of 5 stars","4 out of 5 stars","-"
"329","Blake Watson",DEN,"RB99","2 out of 5 stars","1 out of 5 stars","-"
"330","Davis Allen",LAR,"TE35","2 out of 5 stars","2 out of 5 stars","-"
"331","Greg Zuerlein",NYJ,"K25","4 out of 5 stars","3 out of 5 stars","-50"
"332","Michael Penix Jr.",ATL,"QB38","3 out of 5 stars","4 out of 5 stars","-48"
"333","Justin Watson",KC,"WR107","4 out of 5 stars","3 out of 5 stars","-"
"334","AJ Barner",SEA,"TE36","2 out of 5 stars","4 out of 5 stars","-"
"335","Kendrick Bourne",NE,"WR108","4 out of 5 stars","5 out of 5 stars","-31"
"336","Malik Willis",GB,"QB39","1 out of 5 stars","2 out of 5 stars","-"
"337","Mason Tipton",NO,"WR109","3 out of 5 stars","3 out of 5 stars","-"
"338","Aidan O'Connell",LV,"QB40","3 out of 5 stars","4 out of 5 stars","-81"
"339","Dawson Knox",BUF,"TE37","3 out of 5 stars","3 out of 5 stars","-60"
"340","Malik Washington",MIA,"WR110","3 out of 5 stars","3 out of 5 stars","-42"
"341","Mack Hollins",BUF,"WR111","3 out of 5 stars","2 out of 5 stars","-"
"342","Cody Schrader",LAR,"RB100","5 out of 5 stars","3 out of 5 stars","-"
"343","Dyami Brown",WAS,"WR112","2 out of 5 stars","3 out of 5 stars","-100"
"344","Tyler Higbee",LAR,"TE38","2 out of 5 stars","2 out of 5 stars","-"
"345","KaVontae Turpin",DAL,"WR113","2 out of 5 stars","2 out of 5 stars","-"
"346","Joshua Karty",LAR,"K26","5 out of 5 stars","4 out of 5 stars","-56"
"347","Craig Reynolds",DET,"RB101","3 out of 5 stars","5 out of 5 stars","-"
"348","Isaiah Davis",NYJ,"RB102","4 out of 5 stars","3 out of 5 stars","-"
"349","Tommy Tremble",CAR,"TE39","2 out of 5 stars","3 out of 5 stars","-"
"350","Jacksonville Jaguars",JAC,"DST30","4 out of 5 stars","5 out of 5 stars","-13"
"351","Grant Calcaterra",PHI,"TE40","4 out of 5 stars","4 out of 5 stars","-"
"352","Dustin Hopkins",CLE,"K27","2 out of 5 stars","3 out of 5 stars","-63"
"353","Tennessee Titans",TEN,"DST31","1 out of 5 stars","2 out of 5 stars","-67"
"354","Cam Little",JAC,"K28","5 out of 5 stars","5 out of 5 stars","-63"
"355","Brenton Strange",JAC,"TE41","3 out of 5 stars","3 out of 5 stars","-"
"356","Joey Slye",NE,"K29","4 out of 5 stars","2 out of 5 stars","-"
"357","Nick Folk",TEN,"K30","2 out of 5 stars","4 out of 5 stars","-"
"358","Johnny Mundt",MIN,"TE42","3 out of 5 stars","4 out of 5 stars","-"